{"article/Sanic could take the place of Flask.md": 1519563832.809991, "article/Set DNS tunnel to get free Internet.md": 1519111228.599742, "article/Thinking on Internet, past and future.md": 1536478077.80354, "article/Review in 2015 and 2016.md": 1519098627.722107, "article/Use Platformio to take the place of Arduino.md": 1523349063.563822, "article/Using Python to install YouCompleteMe.md": 1526837961.823195, "article/Using polipo in ubuntu.md": 1519110932.358459, "article/How to create an chrome extension.md": 1521864065.951866, "article/Best way to fix grub problem.md": 1520255284.533863, "article/I firmly Believe.md": 1519097440.060985, "article/How to install Kali on disk.md": 1519111496.885311, "article/Make a always running service in android based on kotlin.md": 1521468888.565207, "article/Using socket in webapp with flask-socketio.md": 1536247128.1175454, "article/Running_Jupyter_on_server.md": 1522249108.279902, "article/Basic terminal shotcuts.md": 1519098324.959154, "article/FFmpeg speed up video.md": 1519096184.054753, "article/Master FFmpeg.md": 1520742416.834642, "article/How to use gitbook right in local.md": 1523543863.014508, "article/How to use Javascript to build real project.md": 1542070129.0024638, "article/How to install and use jedi-vim in Linux.md": 1519111603.858617, "article/Master docker for developing.md": 1519630519.521287, "article/Basic git commands.md": 1519107831.221524, "article/Apache virtualhost setting for web-sockets.md": 1526282172.722446, "article/Basic Vim Commands.md": 1519098041.594058, "article/Review in 2017 and Plans for 2018.md": 1519454514.263893, "article/How to use docker.md": 1519096503.723317, "article/Basic Windows7 shotcuts.md": 1519110654.257365, "article/Make your video editable in everywhere.md": 1519454689.890719}