{"article/Make your video editable in everywhere.md": 1542952187.0488744, "article/Basic terminal shotcuts.md": 1542952187.0488744, "article/How to create an chrome extension.md": 1542952187.0488744, "article/Master docker for developing.md": 1542952187.0488744, "article/Using Python to install YouCompleteMe.md": 1542952187.0488744, "article/Basic git commands.md": 1542952187.0488744, "article/Apache virtualhost setting for web-sockets.md": 1542952187.0488744, "article/How to use Javascript to build real project.md": 1547885786.4201798, "article/Set DNS tunnel to get free Internet.md": 1542952187.0488744, "article/How to install and use jedi-vim in Linux.md": 1542952187.0488744, "article/Sanic could take the place of Flask.md": 1542952187.0488744, "article/I firmly Believe.md": 1542952187.0488744, "article/Use Platformio to take the place of Arduino.md": 1542952187.0488744, "article/Basic Windows7 shotcuts.md": 1542952187.0488744, "article/Using polipo in ubuntu.md": 1542952187.0488744, "article/Basic Vim Commands.md": 1542952187.0488744, "article/Review in 2015 and 2016.md": 1542952187.0488744, "article/Running_Jupyter_on_server.md": 1542952187.0488744, "article/Master FFmpeg.md": 1542952187.0488744, "article/How to install Kali on disk.md": 1542952187.0488744, "article/FFmpeg speed up video.md": 1542952187.0488744, "article/Review in 2017 and Plans for 2018.md": 1542952187.0488744, "article/How to use docker.md": 1542952187.0488744, "article/Using socket in webapp with flask-socketio.md": 1542952187.0488744, "article/Thinking on Internet, past and future.md": 1542952187.0488744, "article/Make a always running service in android based on kotlin.md": 1542952187.0488744, "article/How to use gitbook right in local.md": 1542952187.0488744, "article/Best way to fix grub problem.md": 1542952187.0488744}