{"article/Set DNS tunnel to get free Internet.md": 1579193532.7995028, "article/Running_Jupyter_on_server.md": 1579193532.7995028, "article/How to install Kali on disk.md": 1579193532.7995028, "article/How to use docker.md": 1579193532.7995028, "article/Find out why your ubuntu stuck on reboot.md": 1580288505.1555521, "article/How to create an chrome extension.md": 1579193532.7995028, "article/Basic terminal shotcuts.md": 1579193532.7995028, "article/Using socket in webapp with flask-socketio.md": 1579193532.7995028, "article/Basic Windows7 shotcuts.md": 1579193532.7995028, "article/How to use Javascript to build real project.md": 1579193532.7995028, "article/Make a always running service in android based on kotlin.md": 1579193532.7995028, "article/Basic Vim Commands.md": 1579193532.7995028, "article/How to install and use jedi-vim in Linux.md": 1579193532.7995028, "article/Basic git commands.md": 1579193532.7995028, "article/I firmly Believe.md": 1579193532.7995028, "article/Sanic could take the place of Flask.md": 1579193532.7995028, "article/Best way to fix grub problem.md": 1579193532.7995028, "article/Review in 2019 and Plans for 2020.md": 1580935569.2449305, "article/FFmpeg speed up video.md": 1579193532.7995028, "article/Thinking on Internet, past and future.md": 1579193532.7995028, "article/Using Python to install YouCompleteMe.md": 1579193532.7995028, "article/Use Platformio to take the place of Arduino.md": 1579193532.7995028, "article/How to use gitbook right in local.md": 1579193532.7995028, "article/Review in 2017 and Plans for 2018.md": 1579193532.7995028, "article/Apache virtualhost setting for web-sockets.md": 1579193532.7995028, "article/Using polipo in ubuntu.md": 1579193532.7995028, "article/Make your video editable in everywhere.md": 1579193532.7995028, "article/Master docker for developing.md": 1579193532.7995028, "article/Master FFmpeg.md": 1579193532.7995028, "article/Review in 2015 and 2016.md": 1579193532.7995028}